{
  "configVersion": 1,
  "timestamp": 1638614601009,
  "index": "/index.html",
  "assetGroups": [
    {
      "name": "app",
      "installMode": "prefetch",
      "updateMode": "prefetch",
      "urls": [
        "/10.bd141aa54ee753c39395.js",
        "/100.4769c23fc52e9415fd7d.js",
        "/101.ac100ec933cb3672aa61.js",
        "/102.fc3af6b493f0a3ffe6ce.js",
        "/103.5df77f27ebeff22efdbc.js",
        "/104.6f1916c25ffd62470e8e.js",
        "/105.07095c31209cc8d4ef25.js",
        "/106.b91d970a527db384ba1c.js",
        "/107.9184c0495d492b48e009.js",
        "/108.472bcd39cacaab62c1a9.js",
        "/109.64d3ca175023cf6b5f6f.js",
        "/11.0f82891b0f8e51ae9e43.js",
        "/110.f6e8014e54373744da57.js",
        "/111.64add5e454c39c97f06e.js",
        "/112.9b2b027a197580b79bb6.js",
        "/113.7107de088959ede6ab48.js",
        "/114.7ebc4893148abcedb542.js",
        "/115.7d64ebba7565c18f7c6b.js",
        "/116.f21c2b71e974dfa5bda8.js",
        "/117.5b4685b5da987d749ddf.js",
        "/118.b35b5b98929b747dad61.js",
        "/119.117d99b7b50577d4568d.js",
        "/120.6ab31381d2eada3b3ce5.js",
        "/121.f46dd183acd037b871d7.js",
        "/122.075961c816dc210f9d5a.js",
        "/123.33829c3b6e2d65964637.js",
        "/124.ca35be60917f63495a27.js",
        "/125.494aa4f2d7f6466a0010.js",
        "/126.98d075058162c70a0e5c.js",
        "/127.27bb06dd52628c8d4909.js",
        "/128.00ad8c253a611ff7cd9e.js",
        "/129.8c612e522dd792e420f4.js",
        "/130.51c175421c35f5d85711.js",
        "/131.a200dfc30fcd00000ac9.js",
        "/132.a8d37f47fdfcd31cc9dd.js",
        "/133.40376e8a4113525391f9.js",
        "/134.9abf5306725d0336c483.js",
        "/135.54f846421bc08a28b0fd.js",
        "/136.000b4c43ab3520b66159.js",
        "/16.5c839f81c3a6a33dab6b.js",
        "/17.f3ce14118a2b8a4ce4ed.js",
        "/18.bc3aebfa0dc99333e8ca.js",
        "/19.c15d720f5c2570028376.js",
        "/2.c7b7cddc33a2c4f45576.js",
        "/20.1dee7f683cd5db4327e2.js",
        "/21.9bc3aabb46c8f2cac8a6.js",
        "/22.01dc6f7308e24b081245.js",
        "/23.a7880bb6d8eaf41ba8a7.js",
        "/24.cf64f9345d13943d444a.js",
        "/25.87fe9b524443d4338673.js",
        "/26.e94a1068d68598974cfa.js",
        "/27.a30963407db36b264350.js",
        "/28.e40595e4fe946611be3a.js",
        "/29.43570245b4656082d016.js",
        "/3.3fa9d0409ba5d19160a8.js",
        "/30.e5c8854478554388b1c4.js",
        "/31.ee99a001a5b22e892055.js",
        "/32.2b2432e2e196f3849b43.js",
        "/33.8aee43ff73876a6269a8.js",
        "/34.bdf1fe54b68d0aebec2a.js",
        "/35.6446769c20edf494be19.js",
        "/36.c0cedb72ef0c1a558901.js",
        "/37.b78e1d407625c60be239.js",
        "/38.512dcb8f0b0bb2ae8493.js",
        "/39.b49d052435d32512d2c8.js",
        "/4.cf2ae190972fdef13315.js",
        "/40.5ccce6b026fa8c679a2a.js",
        "/41.a7ff06d1b7d3a7b22ac9.js",
        "/42.47f17edc727cbfc021f9.js",
        "/43.73ba5513f2832a039417.js",
        "/44.7d9adbd777e545dcbad0.js",
        "/45.c687b59103a20d252604.js",
        "/46.0c0cd7b5bdb7c8abd10b.js",
        "/47.835cfd687040d7d01103.js",
        "/48.f1bf68d8011c2498c066.js",
        "/49.2f04027a53a26e39345f.js",
        "/5.88b599794026cf6b8da1.js",
        "/50.8ff09c5d1294ea66a123.js",
        "/51.3634096013e7c4144377.js",
        "/52.1efb80d06cbaf41a1848.js",
        "/53.5b65b362f4f561db4360.js",
        "/54.ef9650140ec79f7884e1.js",
        "/55.2f25124023052a7abb84.js",
        "/56.90205b7a1a54425e3901.js",
        "/57.d5352afddf9f4e2eea81.js",
        "/58.10e65ed0458a85da6c50.js",
        "/59.5da42f4f928881b5f1eb.js",
        "/6.f32800536c38eb7f4673.js",
        "/60.dbd9356f3822fa5220b5.js",
        "/61.304e5eccf3d35c90badf.js",
        "/62.9b680589bb2ffeb1a61b.js",
        "/63.1e2c487cd3c88d2adfee.js",
        "/64.e09979ca6edcc3d5a948.js",
        "/65.e8ad367605e841285eae.js",
        "/66.d46e45d2c921af3f29f1.js",
        "/67.04e6a41cebf4ab8eb066.js",
        "/68.a6860dbea7530f258052.js",
        "/69.53a7b8d7a44b2d562c77.js",
        "/7.acc6eb13d0b8917036ef.js",
        "/70.6596536f7d996eb30454.js",
        "/71.15a61986d1ef04e9224c.js",
        "/72.3834087fbddf2bca4038.js",
        "/73.fdec54a2ca369e2ff226.js",
        "/74.38878ef0af976a9ba15c.js",
        "/75.4fb450bcfab0c007fa85.js",
        "/76.632555e5e5aa180e79fa.js",
        "/77.04ef5ecd37f32d916680.js",
        "/78.956734035e84759991f9.js",
        "/79.961c88bd1544dbf91c7b.js",
        "/8.1b1b368c7b610fcff61f.js",
        "/80.cc3170e78079fd801f82.js",
        "/81.1b7e59d970f8b7e3ec00.js",
        "/82.79ab1e8d47384691340f.js",
        "/83.32f3e1cdb38b1f3180b7.js",
        "/84.ef9be4c66a974fab5484.js",
        "/85.de84da7793a71bc0e219.js",
        "/86.3fdae43ae379be36a36b.js",
        "/87.868dc2719f6140a59443.js",
        "/88.45bda79204bf909b05cb.js",
        "/89.563d4773ddb92a9e6cc8.js",
        "/9.9df2785bef2b153981ee.js",
        "/90.250d5e497ca47bb2cf60.js",
        "/91.f78be622321736abd90f.js",
        "/92.de98091d50cd114578c0.js",
        "/93.ce1f118fc0f6789172a6.js",
        "/94.982867c85e18256972bb.js",
        "/95.a8b6537b665c3064ab7e.js",
        "/96.c7c68ab17e6659adb81c.js",
        "/97.be5b83602346ec6820d5.js",
        "/98.54d4aa90253d78f75dad.js",
        "/99.3c767c486b8dbcc3700a.js",
        "/combined-sw.js",
        "/common.15a7aba2f489cb4a077a.js",
        "/firebase-messaging-sw.js",
        "/index.html",
        "/main.108bcfc2fbbf265b54b4.js",
        "/polyfills-es5.2fe1340a2fd1eaec52d2.js",
        "/polyfills.e1ba805a0e68bc97ee47.js",
        "/runtime.c01d19d4d41da40855a9.js",
        "/scripts.1216b4be0933c8af4627.js",
        "/styles.e4aeeed588b3c3008bd6.css"
      ],
      "patterns": []
    },
    {
      "name": "assets",
      "installMode": "lazy",
      "updateMode": "prefetch",
      "urls": [
        "/assets/10610.jpg",
        "/assets/Default.jpg",
        "/assets/Preloader_11.gif",
        "/assets/analytics/cb.jpeg",
        "/assets/analytics/gmb.jpeg",
        "/assets/analytics/marketing.jpeg",
        "/assets/analytics/revenue.jpeg",
        "/assets/audio/phone_ringing.mp3",
        "/assets/css/bootrap.min.css",
        "/assets/css/font.min.css",
        "/assets/fonts/OpenSans.ttf",
        "/assets/gif/splash screen 100 .gif",
        "/assets/gif/splash screen 1024_1.gif",
        "/assets/gif/splash screen 114.gif",
        "/assets/gif/splash screen 120.gif",
        "/assets/gif/splash screen 144 .gif",
        "/assets/gif/splash screen 152.gif",
        "/assets/gif/splash screen 180.gif",
        "/assets/gif/splash screen 228.gif",
        "/assets/gif/splash screen 512.gif",
        "/assets/gif/splash screen 96.gif",
        "/assets/icon/Umdaa_Logo.png",
        "/assets/icon/default-image.webp",
        "/assets/icon/default.jpg",
        "/assets/icon/draft.png",
        "/assets/icon/favicon.png",
        "/assets/icon/fi.png",
        "/assets/icon/fi_w.png",
        "/assets/icon/imgupload.png",
        "/assets/icon/my.png",
        "/assets/icon/pdf-icon.png",
        "/assets/icon/pdfupload.png",
        "/assets/icon/profile.png",
        "/assets/icon/summary.png",
        "/assets/icon/summary_w.png",
        "/assets/icon/user.jpg",
        "/assets/icon/vedioupload.png",
        "/assets/icons/100.png",
        "/assets/icons/1024.png",
        "/assets/icons/114.png",
        "/assets/icons/120.png",
        "/assets/icons/144.png",
        "/assets/icons/152.png",
        "/assets/icons/16.png",
        "/assets/icons/180.png",
        "/assets/icons/22.png",
        "/assets/icons/228.png",
        "/assets/icons/24.png",
        "/assets/icons/25.png",
        "/assets/icons/29.png",
        "/assets/icons/32.png",
        "/assets/icons/36.png",
        "/assets/icons/40.png",
        "/assets/icons/44.png",
        "/assets/icons/48.png",
        "/assets/icons/50.png",
        "/assets/icons/512.gif",
        "/assets/icons/512.png",
        "/assets/icons/57.png",
        "/assets/icons/58.png",
        "/assets/icons/64.png",
        "/assets/icons/72.png",
        "/assets/icons/76.png",
        "/assets/icons/80.png",
        "/assets/icons/87.png",
        "/assets/icons/96.png",
        "/assets/icons/default.jpg",
        "/assets/icons/luanch_logo.png",
        "/assets/icons/test.gif",
        "/assets/intro/css/bootstrap-tour-standalone.css",
        "/assets/intro/css/bootstrap-tour-standalone.min.css",
        "/assets/intro/css/bootstrap-tour.css",
        "/assets/intro/css/bootstrap-tour.min.css",
        "/assets/intro/js/bootstrap-tour-standalone.js",
        "/assets/intro/js/bootstrap-tour-standalone.min.js",
        "/assets/intro/js/bootstrap-tour.js",
        "/assets/intro/js/bootstrap-tour.min.js",
        "/assets/js/custom.js",
        "/assets/login.jpg",
        "/assets/logo/android-chrome-512x512.png",
        "/assets/logo/apple-touch-icon.png",
        "/assets/logo/fav.png",
        "/assets/logo/favi.png",
        "/assets/logo/favicon-32x32.png",
        "/assets/logo/favicon.ico",
        "/assets/logo/favicon_1.png",
        "/assets/logo/logo.png",
        "/assets/logo/logo_1.png",
        "/assets/logo/umdaa_logo.png",
        "/assets/logo/umdaa_logo_1.png",
        "/assets/mybusinness.png",
        "/assets/ring/ring.mpeg"
      ],
      "patterns": []
    }
  ],
  "dataGroups": [],
  "hashTable": {
    "/10.bd141aa54ee753c39395.js": "ce2019ef3505ac4bafc897917b65fda889e971d5",
    "/100.4769c23fc52e9415fd7d.js": "bfbb08aabc4697bef668d12a012187fa650fa02c",
    "/101.ac100ec933cb3672aa61.js": "f44971e320a2ab299454d40fd8603933395c5a50",
    "/102.fc3af6b493f0a3ffe6ce.js": "4099839ea1dfaab27ad253871c991ff5f7f848bd",
    "/103.5df77f27ebeff22efdbc.js": "74732f3559f742e859c7e40ff03191c0b06b0ba5",
    "/104.6f1916c25ffd62470e8e.js": "2e4ef646befb7cb6937e8a67f4baef6eb7af9c3a",
    "/105.07095c31209cc8d4ef25.js": "f25acc03d3e91d20fd1d3c908fdc1130c5eaf314",
    "/106.b91d970a527db384ba1c.js": "683cc1f4b5156a2a514f3ce0eaa0c052f74ac3c5",
    "/107.9184c0495d492b48e009.js": "081ddf63d0cd742e0f4aeab9355c7e942d362519",
    "/108.472bcd39cacaab62c1a9.js": "8db7268297fe69ac7807bf3af0471442ea6db17d",
    "/109.64d3ca175023cf6b5f6f.js": "c6bbc3acc8baa08231c4479aa3d65e976a557652",
    "/11.0f82891b0f8e51ae9e43.js": "f4ea6ee24bef667d25276161b36cf010e40277b3",
    "/110.f6e8014e54373744da57.js": "39dac6744467f0cd04f71258f53a16d2d43b0103",
    "/111.64add5e454c39c97f06e.js": "b1ff1f8df54af5eef6db39dbdc22efa3f130f608",
    "/112.9b2b027a197580b79bb6.js": "2e635f211ccf6104bc5dfb15daf47fbf14afaca7",
    "/113.7107de088959ede6ab48.js": "da4e813bd9457cc66955cd0dbb8f947dbfb5594c",
    "/114.7ebc4893148abcedb542.js": "8969dc2a79cec0279a3cc3352e32ae5168252ece",
    "/115.7d64ebba7565c18f7c6b.js": "e4f6c6a54c02a9a025605efe396f31c83169dda7",
    "/116.f21c2b71e974dfa5bda8.js": "00599cddf7baeb39fd7c55616df338a7e1f9ae53",
    "/117.5b4685b5da987d749ddf.js": "6bd615125ddeb1ef4e669dfd6a932f2ed93cdacd",
    "/118.b35b5b98929b747dad61.js": "c72c45af57573a3fd2c063b28d1baad11a17e260",
    "/119.117d99b7b50577d4568d.js": "7a29dcd01c0cc8d3668c711ed0d7d120031e0da5",
    "/120.6ab31381d2eada3b3ce5.js": "4a451a04cdcbc0106b92665c34052d490065b780",
    "/121.f46dd183acd037b871d7.js": "6a985c251ff31c415cec48b131f1067ebea3d71d",
    "/122.075961c816dc210f9d5a.js": "e6099b5b2bf71c890c289651702621488cfe4b0d",
    "/123.33829c3b6e2d65964637.js": "af2861bbf0eca90fa6c83b72f626a9a5780100c4",
    "/124.ca35be60917f63495a27.js": "3678adcd6daea947df6dc9102652a18953352827",
    "/125.494aa4f2d7f6466a0010.js": "e4647e1dcb1e9fad5a7d67e7af3e0e3850812318",
    "/126.98d075058162c70a0e5c.js": "5cf9e68fffe3f981b4aacfd3809a52e7e1860764",
    "/127.27bb06dd52628c8d4909.js": "3e0b669fd7e144b68db40836eb2fd4cd2754b7f3",
    "/128.00ad8c253a611ff7cd9e.js": "b33c815102f9ad0887e56cbdf580110c9c65f2ad",
    "/129.8c612e522dd792e420f4.js": "121900109c3e479ae101024cd331f44561b5fe93",
    "/130.51c175421c35f5d85711.js": "264b147063d2cedde3695633d2f3942c628a2242",
    "/131.a200dfc30fcd00000ac9.js": "fd492319bb70f4515e383821dfbd8739e09a4edd",
    "/132.a8d37f47fdfcd31cc9dd.js": "e64ae8040da4f66c7b48fad41a2848c9a7f1d815",
    "/133.40376e8a4113525391f9.js": "e762caf3ad587b34bc72cb2b8175971e890f478e",
    "/134.9abf5306725d0336c483.js": "07eaa436a512a9a187c973ce4436fed271653aaf",
    "/135.54f846421bc08a28b0fd.js": "53059fdd2e452dca6f8e72566c00f84cb19f88eb",
    "/136.000b4c43ab3520b66159.js": "4470d7f50f6958a041c82971bac689c48fc79f62",
    "/16.5c839f81c3a6a33dab6b.js": "b7b5c63910efe6730fb44a14ddaabfbc60367671",
    "/17.f3ce14118a2b8a4ce4ed.js": "d6a8cee838da38c80b579d54932c0be6c56391c4",
    "/18.bc3aebfa0dc99333e8ca.js": "7fea9eba883f92c017b7c02935af2c14777c84af",
    "/19.c15d720f5c2570028376.js": "d102f0dda984977a0de19bb1c6c075984763a50a",
    "/2.c7b7cddc33a2c4f45576.js": "3dba8655cf7fa45c511d1f1a2986f29d05d58006",
    "/20.1dee7f683cd5db4327e2.js": "41de974e5472ab5bc6147600235b2fc50ce2211a",
    "/21.9bc3aabb46c8f2cac8a6.js": "b7bed6949db8be148e95d2bd6cd5d2dd9048f4be",
    "/22.01dc6f7308e24b081245.js": "cb4f272bc3e8f60da613ff5c94f9ee6c7154f75a",
    "/23.a7880bb6d8eaf41ba8a7.js": "82a0f3f039f593d1345c0dfa319c3c4e27417b18",
    "/24.cf64f9345d13943d444a.js": "673f0d6b4eea8df3d4f13ed971219e2637a22bde",
    "/25.87fe9b524443d4338673.js": "af7e206c3d1fe0aae44f181f6162d4241033e953",
    "/26.e94a1068d68598974cfa.js": "c197c8e79fdfcc83f87e488d6454da882ced0941",
    "/27.a30963407db36b264350.js": "8ff29bf49659788a0069ed2940c140c2aeb145c4",
    "/28.e40595e4fe946611be3a.js": "35dced237eb5ca1d84e6075ac7e8423d64164d6a",
    "/29.43570245b4656082d016.js": "4565aff1e2e573661571d2766ede4871b43c4dc4",
    "/3.3fa9d0409ba5d19160a8.js": "3c10a1b91bdb7bed4dbbaf03bbe7f459d94f7823",
    "/30.e5c8854478554388b1c4.js": "eecad2707e25c3176850c49bdc1adb76a850bd4c",
    "/31.ee99a001a5b22e892055.js": "98a37cda7d1f14b2e18062669e259fabcfee5b45",
    "/32.2b2432e2e196f3849b43.js": "06ed708d6bd59278b69a52d7432eab340af4edf8",
    "/33.8aee43ff73876a6269a8.js": "8557a387aebd2d2a046742e7f15e95d6f6596219",
    "/34.bdf1fe54b68d0aebec2a.js": "8016f7f04ef26e0729cb719ac8926cf933e3974f",
    "/35.6446769c20edf494be19.js": "015d2e98d8efab3389ddff938f9b0af65556273c",
    "/36.c0cedb72ef0c1a558901.js": "bd69c396a8e3a414dcf1ea0bdc4398258ae8f8be",
    "/37.b78e1d407625c60be239.js": "9a7926be2e663253461b73d9d8623bed1d69e864",
    "/38.512dcb8f0b0bb2ae8493.js": "997b104e97821bacce90322422310a3ae9152c7e",
    "/39.b49d052435d32512d2c8.js": "2fa0d0a904cabfc98e14fc3e6aa3476a710507c4",
    "/4.cf2ae190972fdef13315.js": "ce899e8a1bce7b6155d344c16adf9213c397c948",
    "/40.5ccce6b026fa8c679a2a.js": "d9c061e0784876e1d6b52c56d9e45d80539fe87c",
    "/41.a7ff06d1b7d3a7b22ac9.js": "3cc6ad9425f9aae264f46a5ef6386673372fcbe8",
    "/42.47f17edc727cbfc021f9.js": "55934a5c590acf0fb0aa6c7a741ff5671780efad",
    "/43.73ba5513f2832a039417.js": "83d292197998547fa42b4acd226f65ce7219e624",
    "/44.7d9adbd777e545dcbad0.js": "bff5851992a04f070bb499d5d6b6b356f610d532",
    "/45.c687b59103a20d252604.js": "12ea4b45f4e2740dfe34c45da33cccec8e6792a5",
    "/46.0c0cd7b5bdb7c8abd10b.js": "dffdf3f69e44b5abff7029cb7891e700ca5fba28",
    "/47.835cfd687040d7d01103.js": "1e725842ea30f424fa469eef5a2f2bcc4edf7036",
    "/48.f1bf68d8011c2498c066.js": "47c9d573c803ab607f34b519ae9ed764c06c4541",
    "/49.2f04027a53a26e39345f.js": "197bd33913f9b6cd5a236f41d1bcedd4c6846904",
    "/5.88b599794026cf6b8da1.js": "1361f19b2128fadf486dce147edb26ba4cfadf5b",
    "/50.8ff09c5d1294ea66a123.js": "44542c5edff7a43bffd56107ab70209ef2e32113",
    "/51.3634096013e7c4144377.js": "63e657ec012837041364753f4678465820d46ae9",
    "/52.1efb80d06cbaf41a1848.js": "9abc86b7634819e052f457d77c3f21c6fffd7101",
    "/53.5b65b362f4f561db4360.js": "60b45a7822de4af6a35c51f92bda4006c31e2999",
    "/54.ef9650140ec79f7884e1.js": "bd11c55e02596dd8254f805bf8c6d85c961698d0",
    "/55.2f25124023052a7abb84.js": "bb93b93669776ff49753fb463bd765367fe3e39e",
    "/56.90205b7a1a54425e3901.js": "c51ffbc7f4dcefd4e71e4e95b8d6580e0ef4c36c",
    "/57.d5352afddf9f4e2eea81.js": "008c80e688a04376498f4ff5b0d326cd43d86509",
    "/58.10e65ed0458a85da6c50.js": "ed7bb9d0b184bc84df9aa1e72fafdce73f775bda",
    "/59.5da42f4f928881b5f1eb.js": "0d8980305f804ad225c22bd3af70150401ce8014",
    "/6.f32800536c38eb7f4673.js": "55efaac5a9448dd3922734edda999d0b699639a3",
    "/60.dbd9356f3822fa5220b5.js": "bf3b6599e1b3e2ad40ac1dc040d9df1b3fc6d607",
    "/61.304e5eccf3d35c90badf.js": "3bc1652f9395746bf824e200a9caf00c3dfb8ce9",
    "/62.9b680589bb2ffeb1a61b.js": "48f8e0fc1b7c38c9b7692adb23f65fbcf823416f",
    "/63.1e2c487cd3c88d2adfee.js": "4203fea53b4d6cb63687342a93056a973bdda6e7",
    "/64.e09979ca6edcc3d5a948.js": "16f9752802342832921fffab78cf918d6786b2bc",
    "/65.e8ad367605e841285eae.js": "962277a97442fa9f619eb03f722e6b73a3743665",
    "/66.d46e45d2c921af3f29f1.js": "9dcd839a13718eae55e17665f9aec5023f489504",
    "/67.04e6a41cebf4ab8eb066.js": "90d77b0c591fa13b3fbee6c0bef58e829a3d0629",
    "/68.a6860dbea7530f258052.js": "4e9422c7449d39ac94871d265c2450f3fdf44bdb",
    "/69.53a7b8d7a44b2d562c77.js": "08d6037de8e4f72e9455c79d9cd42a9410d1625c",
    "/7.acc6eb13d0b8917036ef.js": "d5d65112c2967ae64978f3648c375ecf3d6010ee",
    "/70.6596536f7d996eb30454.js": "686785d177b6d5fab8bfe14a71b7b487f5b2336c",
    "/71.15a61986d1ef04e9224c.js": "4a0966aceee92aff7cfc3b1fda48b3a1203f4746",
    "/72.3834087fbddf2bca4038.js": "648cbfdb92249deea67f2b2116214ba23b4077c2",
    "/73.fdec54a2ca369e2ff226.js": "a4c5f975146a0411993288cd770d48613ee62569",
    "/74.38878ef0af976a9ba15c.js": "858fa807da56d1d12f732a5b79af6d15294ff6e0",
    "/75.4fb450bcfab0c007fa85.js": "a82482bbb4b164efc4fe2d416d0afc4d4e80753b",
    "/76.632555e5e5aa180e79fa.js": "a488fa9b12cc3527ed88bc6f3a4c79a14d5baef3",
    "/77.04ef5ecd37f32d916680.js": "869886d10cf6505c34a9bece06c154b9f25aea02",
    "/78.956734035e84759991f9.js": "7ebca0ce4579bb9918259f75b702340df6965c52",
    "/79.961c88bd1544dbf91c7b.js": "5b2f572b3bfcf85fcbf3980ccf0628a35587b832",
    "/8.1b1b368c7b610fcff61f.js": "306484cfa727e64efd1c591604a4304f62b7a8ab",
    "/80.cc3170e78079fd801f82.js": "f20fa92e45d384d7cd6581fb2e6a7ee5d2506946",
    "/81.1b7e59d970f8b7e3ec00.js": "353a6cd3e0416faa58fc59f54a0af406bbf7e695",
    "/82.79ab1e8d47384691340f.js": "b3081762b20f587eea7fa27a5829080eb17d8f4a",
    "/83.32f3e1cdb38b1f3180b7.js": "e85c2f18c8ebcd5e779ec7f5c89d2e6614415e9e",
    "/84.ef9be4c66a974fab5484.js": "5e4ddad845a111d45192b1abfa0812ce6d4827f7",
    "/85.de84da7793a71bc0e219.js": "fdc123702388c292e1a0f6e0b811c5bd90651fd6",
    "/86.3fdae43ae379be36a36b.js": "1c887540ecb153e46556852d4595302a354e1ddd",
    "/87.868dc2719f6140a59443.js": "ea4cc120fcb049714e666849a9eb61613ba53538",
    "/88.45bda79204bf909b05cb.js": "1d01b1acc9e152ebc94ed59f19c42a032ed076c9",
    "/89.563d4773ddb92a9e6cc8.js": "ce4a4bf181b390a14fc9bcb28c6d6940f83a0a28",
    "/9.9df2785bef2b153981ee.js": "6f7427531bb9820d99b752c5331afd0aebf019ee",
    "/90.250d5e497ca47bb2cf60.js": "01629995af483294e7ef3e2b1f8275884a828c73",
    "/91.f78be622321736abd90f.js": "032c79e20d2841b6359019570226364950b1187a",
    "/92.de98091d50cd114578c0.js": "b27043102c34c00f7dbe04fd01e958288f507a80",
    "/93.ce1f118fc0f6789172a6.js": "509d56be2bcce621f17c67e73315d3f3130e7a43",
    "/94.982867c85e18256972bb.js": "b0d2a19a082f6cd398d32856ceb4493ce4858259",
    "/95.a8b6537b665c3064ab7e.js": "436ca69c2256fbf419ceec604fea9476f9a2547f",
    "/96.c7c68ab17e6659adb81c.js": "36b013da16ea3f8d468b0c89201c9e0cb86a7fc5",
    "/97.be5b83602346ec6820d5.js": "7c348421a2313879fc1256f4c6abeb34102f4d2e",
    "/98.54d4aa90253d78f75dad.js": "15da5e098f10f68ae2f72926ac26387ca50ab9cb",
    "/99.3c767c486b8dbcc3700a.js": "15f12561a938672c0f82f16b9a6274fa4b9f9614",
    "/assets/10610.jpg": "4ebda4e60e64a4459d89a75ed81dc435980f295a",
    "/assets/Default.jpg": "46abfa7cf9a8059d66416e9a897065eb32fb1d90",
    "/assets/Preloader_11.gif": "cf4506af364d28b9f313d4218190736ed200a0e1",
    "/assets/analytics/cb.jpeg": "3653a7f10f3624088ce4ea1276de3644a95751e0",
    "/assets/analytics/gmb.jpeg": "105a18eabe3bf8d592b632fd86bc2f1ef4b7306c",
    "/assets/analytics/marketing.jpeg": "4857694a52130f955984da0072eeaa56c4120bf4",
    "/assets/analytics/revenue.jpeg": "72a26c2b3324dd29857c251e0b579100e8290733",
    "/assets/audio/phone_ringing.mp3": "353fb1cd1a5957c4413ef3f4e880d86b3707b5b4",
    "/assets/css/bootrap.min.css": "fe23f8abca5d87c6126385800ebb0ddd289a0249",
    "/assets/css/font.min.css": "9ca3378887c250b70c63d497b938e1f0204f6e58",
    "/assets/fonts/OpenSans.ttf": "1bda9f65b10d2b75b5b8049cd9107e6109112d7d",
    "/assets/gif/splash screen 100 .gif": "8ed44a30944e27078345f2f8327451db51640b88",
    "/assets/gif/splash screen 1024_1.gif": "61dc62e41e0aa85d0a15fbb3754e26f6f12f977a",
    "/assets/gif/splash screen 114.gif": "f92c231f3cf9ceae08c0e94707054df81b013f31",
    "/assets/gif/splash screen 120.gif": "1a691bc8343adb215b45e44fdd57bcbdf8e3a25f",
    "/assets/gif/splash screen 144 .gif": "66a3629364d87f4beb9d01f7d91594c979a2388d",
    "/assets/gif/splash screen 152.gif": "a505279ab23cb94ad9e8c6ab7d7e1a7308ff843f",
    "/assets/gif/splash screen 180.gif": "e30fac929ad5ca822adf946598b4be5390f85127",
    "/assets/gif/splash screen 228.gif": "14a0a58de929f01b73a3745ab4068ffc1ec42c8e",
    "/assets/gif/splash screen 512.gif": "fa645bae53726138c66bc8c8b10fafb74b37e202",
    "/assets/gif/splash screen 96.gif": "3e2aafc25fa7daaf9a0c71a7d644a87af4847be3",
    "/assets/icon/Umdaa_Logo.png": "d08f7c53188c4a30acc92447e2e8fff4bce19381",
    "/assets/icon/default-image.webp": "79e1301a2c98d7b9ed5c62f2be062bde6ed5cf2e",
    "/assets/icon/default.jpg": "746ca4a3e013005c5f0fd3123eb8ea619be76e2a",
    "/assets/icon/draft.png": "bc6ac73b31e1e8d14fb1d4372de0993c591ae749",
    "/assets/icon/favicon.png": "7798b8e0eb61d7375c245af78bbf5c916932bf13",
    "/assets/icon/fi.png": "6a70568cf59ad9bd14e68e1f88ed5423efd82fdf",
    "/assets/icon/fi_w.png": "1c41216aa35c531588bd818b97ffebe9621f8545",
    "/assets/icon/imgupload.png": "9feb61f383a1f3257b469fc7135e8e8914799a1a",
    "/assets/icon/my.png": "ab0e55693b4af8cf5745297a4a8716cf371d1bea",
    "/assets/icon/pdf-icon.png": "0ac52cc9bd5b055cf40675f0b11bcbd1ce3e8b51",
    "/assets/icon/pdfupload.png": "06c3d86569d7c1f44db30a3dedd0830f5c78ee82",
    "/assets/icon/profile.png": "7d550ee1bb19cb34c5544c1930f08c871d02bc63",
    "/assets/icon/summary.png": "3cb3e2b641c052e45d10b2a1ea81732cbdb26bb5",
    "/assets/icon/summary_w.png": "31f1b79007e19a4795f1558dcb7fdb5a249dbda7",
    "/assets/icon/user.jpg": "f5a0a79d9686be1ea488cb9df1f138aca661fb62",
    "/assets/icon/vedioupload.png": "303f4f00c09896edbc916407cba0fcffe6b8cddc",
    "/assets/icons/100.png": "adc3143d85b33379b6057d411bfe35c345264cbe",
    "/assets/icons/1024.png": "6606bad13a9124eab702b72a2d90007cfea28558",
    "/assets/icons/114.png": "16d1a2f427f2303b84f7b6ba39d6f60e486ca81c",
    "/assets/icons/120.png": "30909de4983a2675087aa9a3c0d048e94a8a2182",
    "/assets/icons/144.png": "e7967d79b0065db625535b56385a5c65fc5157fc",
    "/assets/icons/152.png": "8779b16bdc7d5d9b014bcf0322090f738e5ae7a8",
    "/assets/icons/16.png": "ba4b25858f73c80a65c1951a4ee18c4af7eca9f2",
    "/assets/icons/180.png": "738b9c4880c7c0375c8bca45e92d4a51012acade",
    "/assets/icons/22.png": "f37948b1b0ad25958c9aa3a26b98ea0d14519495",
    "/assets/icons/228.png": "98017d21075a757cc536f12148a2546d25777c99",
    "/assets/icons/24.png": "da2f89388890194be6853fcff0d5bc94bbd233ec",
    "/assets/icons/25.png": "c2083a08bd5f2a274b10015514647505f3452700",
    "/assets/icons/29.png": "211e74211759d0d130a1d5ead28cef6830ce5c7c",
    "/assets/icons/32.png": "500a584f7992eb2c147669cb71a30071b9d4fcb2",
    "/assets/icons/36.png": "dac3e4605ce5e72589872a6799f4fa9997d2c193",
    "/assets/icons/40.png": "5c17033a2da3ef7ae9d102fbd4a9d66dccb0a3d2",
    "/assets/icons/44.png": "5ac0eae3588763cf098df72196719febb298a12c",
    "/assets/icons/48.png": "1a9bc4e36695b0b5bc1908475b48e1a8923f079a",
    "/assets/icons/50.png": "b7249e701f1373a2484422d607061ababac7d075",
    "/assets/icons/512.gif": "8b268eb1fe7e23f188d7bac670245db678573b9c",
    "/assets/icons/512.png": "b89122cef3e38dc5b93c8ed798a4cc41a30dfae5",
    "/assets/icons/57.png": "9256aa4e047f8a01e5feab81ca7fffd4b4e8d0fc",
    "/assets/icons/58.png": "644f98a6873b541a833d19c2bd622af49384c809",
    "/assets/icons/64.png": "d37b30c3714efa5e0d2bc5c53ee8f6eb621df677",
    "/assets/icons/72.png": "939002502c0832e04ce17b8902fc62adbfd5e895",
    "/assets/icons/76.png": "93298ad3811aefb254d084e6e78ac7b9fda3b1ab",
    "/assets/icons/80.png": "cbd3831a02e2b478bafa6ebef89041b0f701718f",
    "/assets/icons/87.png": "95ee637ba01048826edf6956c80fca15d3a8d5d9",
    "/assets/icons/96.png": "ee518cc5aa07bbed78bc92979017a93e5496918b",
    "/assets/icons/default.jpg": "746ca4a3e013005c5f0fd3123eb8ea619be76e2a",
    "/assets/icons/luanch_logo.png": "1905aa60811da603e9d95f67ecf2a3cbbe3a4d04",
    "/assets/icons/test.gif": "ac4a1778d73811cb1b15b6a20586c0dd7c2630f5",
    "/assets/intro/css/bootstrap-tour-standalone.css": "1d0749f2f40db5a72b429f39d95e6cbab9248236",
    "/assets/intro/css/bootstrap-tour-standalone.min.css": "717b64a26d3b8f975135b248c43170dea4791dbf",
    "/assets/intro/css/bootstrap-tour.css": "5a60ed69c4c8317f897e3aedbfa0bd1cde0a7269",
    "/assets/intro/css/bootstrap-tour.min.css": "3fd92671a68edbae80168b45d48bfad340430135",
    "/assets/intro/js/bootstrap-tour-standalone.js": "77025d35575d33b58f5f92c54750e313a8f5760c",
    "/assets/intro/js/bootstrap-tour-standalone.min.js": "d933fd5be43b209cb7b620d0f62a4ea27a5d56ad",
    "/assets/intro/js/bootstrap-tour.js": "80816231f368e83087a552450e562095d182e648",
    "/assets/intro/js/bootstrap-tour.min.js": "8120e722d337d48b7d192cbec7552989e0256d0d",
    "/assets/js/custom.js": "da39a3ee5e6b4b0d3255bfef95601890afd80709",
    "/assets/login.jpg": "9fc3cd0f1ed4774d9c9649bc851bc4425ed6e30e",
    "/assets/logo/android-chrome-512x512.png": "ab3005bbed39c6375eab75eede3c3b7c826ea653",
    "/assets/logo/apple-touch-icon.png": "469f9745390eace2ba17c7d1c002f1a9e403a01c",
    "/assets/logo/fav.png": "7adf9ed015ff11318101b85b08bc56f05aba11e3",
    "/assets/logo/favi.png": "39fb123aa2e743b26c1b5d4c9c4a299ec356d39a",
    "/assets/logo/favicon-32x32.png": "85fb02aae06c2d65f3228cf99b9e00719e46521d",
    "/assets/logo/favicon.ico": "250b24a537d84e8ff4f77f2aaf777ccb608df8d0",
    "/assets/logo/favicon_1.png": "967916d3bc75b7dc34d51b506a5d9b9ed426e643",
    "/assets/logo/logo.png": "16c1e5bdc1181b93eb7fe1ad1ec25ba79cacdf2c",
    "/assets/logo/logo_1.png": "a017cf15a814a0dc5c441827e0c437edb31e4230",
    "/assets/logo/umdaa_logo.png": "ac493d8c93f3f4dcc5c80d1f929bf2460f4f1789",
    "/assets/logo/umdaa_logo_1.png": "b462c956cd2c5fadc3017dc5ce400bbf18da3379",
    "/assets/mybusinness.png": "46fd5b0806c7712e9c52df1bca996538efe41fa9",
    "/assets/ring/ring.mpeg": "0d59b908b1523d3a1dc6612c36f241ab095ed700",
    "/combined-sw.js": "41e17124179f94bbafbcb1a3f156bbc4831e63b5",
    "/common.15a7aba2f489cb4a077a.js": "c3e939e58303883680c2ad55d0c1378bc0e30375",
    "/firebase-messaging-sw.js": "aabc1b2db3ab2f48a78813435c12b9ce7a7ccb3b",
    "/index.html": "a4fd37c77ea0daeeac0a362349a8c692082218ba",
    "/main.108bcfc2fbbf265b54b4.js": "e148fa3edb618fcae2427dabd6dedfd75d2f1fb2",
    "/polyfills-es5.2fe1340a2fd1eaec52d2.js": "2566074e31aacf3b9f370a2e9d4170cf86943733",
    "/polyfills.e1ba805a0e68bc97ee47.js": "19540d2338912dd3e26ec5d856d18ce29fcf726a",
    "/runtime.c01d19d4d41da40855a9.js": "15b8140e148aa3d3db2f647cda7be2e741aa9b61",
    "/scripts.1216b4be0933c8af4627.js": "da39a3ee5e6b4b0d3255bfef95601890afd80709",
    "/styles.e4aeeed588b3c3008bd6.css": "22d910b2e985914ab5a91dc411853006ec7ad781"
  },
  "navigationUrls": [
    {
      "positive": true,
      "regex": "^\\/.*$"
    },
    {
      "positive": false,
      "regex": "^\\/(?:.+\\/)?[^/]*\\.[^/]*$"
    },
    {
      "positive": false,
      "regex": "^\\/(?:.+\\/)?[^/]*__[^/]*$"
    },
    {
      "positive": false,
      "regex": "^\\/(?:.+\\/)?[^/]*__[^/]*\\/.*$"
    }
  ]
}